id,name,price,img,content
1,手机,1100,img/sj1.jpg,360N7珊瑚红手机6-64GB
2,手机,1101,img/sj2.jpg,360N7银钻灰手机6-64GB
3,手机,1102,img/sj3.jpg,360N7月岩白手机6-64GB
4,手机,1103,img/sj4.jpg,360N7银钻灰手机6-64GB
5,手机,1104,img/sj5.jpg,360N7珊瑚红手机6-64GB
6,手机,1105,img/sj6.jpg,360N7月岩白手机6-64GB
7,手机,1106,img/sj7.jpg,360N7月岩白手机6-64GB
8,手机,1107,img/sj8.jpg,360N7银钻灰手机6-64GB
9,手机,1108,img/sj9.jpg,360N7珊瑚红手机6-64GB
10,手机,1109,img/sj10.jpg,360N7月岩白手机6-64GB
11,手机,1110,img/sj11.jpg,360N7银钻灰手机6-64GB
12,摄像机,1111,img/sx1.jpg,360摄像机夜视版
13,摄像机,1112,img/sx2.jpg,360升级版车载摄像机
14,摄像机,1113,img/sx3.jpg,360摄像机夜视版
15,摄像机,1114,img/sx4.jpg,360升级版车载摄像机
16,摄像机,1115,img/sx5.jpg,360摄像机夜视版
17,摄像机,1116,img/sx6.jpg,360升级版车载摄像机
18,行车记录仪,1117,img/xc1.jpg,360行车记录仪升级版1
19,行车记录仪,1118,img/xc2.jpg,360行车记录仪升级版2
20,行车记录仪,1119,img/xc3.jpg,360行车记录仪升级版3
21,行车记录仪,1120,img/xc4.jpg,360行车记录仪升级版4
22,行车记录仪,1121,img/xc5.jpg,360行车记录仪升级版5
23,行车记录仪,1122,img/xc6.jpg,360行车记录仪升级版6
24,儿童手表,1123,img/sb1.jpg,360儿童电话手表女宝宝
25,儿童手表,1124,img/sb2.jpg,360儿童电话手表男宝宝
26,儿童手表,1125,img/sb3.jpg,360儿童电话手表女宝宝
27,儿童手表,1126,img/sb4.jpg,360N7儿童电话手表升级
28,儿童手表,1127,img/sb5.jpg,360儿童电话手表男宝宝
29,儿童手表,1128,img/sb6.jpg,360N7儿童电话手表升级
30,扫地机器人,1129,img/sd1.jpg,360智能家居扫地机器人
31,扫地机器人,1130,img/sd2.jpg,360智能家居扫地机器人
32,路由器,1131,img/ly1.jpg,360家用路由器1
33,路由器,1132,img/ly2.jpg,360家用路由器2
34,路由器,1133,img/ly3.jpg,360家用路由器3
35,路由器,1134,img/ly4.jpg,360家用路由器4
36,手机,1135,img/mains1.jpg,360N7珊瑚红手机6-64GB
37,手表,1136,img/mains2.jpg,360N7儿童电话手表升级
38,汽车,1137,img/mains3.jpg,360家用路由器
39,电器,1138,img/mains4.jpg,360家用路由器
40,手机,1139,img/mains1b.jpg,360N7珊瑚红手机6-64GB
41,手表,1140,img/mains2b.jpg,360N7儿童电话手表升级
42,汽车,1141,img/mains3b.jpg,德国官方后台改革机器
43,电器,1142,img/mains4b.jpg,360家用路由器
